{"qt_take":{"0":0.5,"1":0.501,"2":0.502,"3":0.501,"4":0.5,"5":0.499,"6":0.498,"7":0.499,"8":0.5,"9":0.499,"10":0.498,"11":0.497,"12":0.496,"13":0.495,"14":0.494,"15":0.493,"16":0.492,"17":0.491,"18":0.492,"19":0.493,"20":0.494,"21":0.495,"22":0.494,"23":0.495,"24":0.496,"25":0.495,"26":0.496,"27":0.497,"28":0.496,"29":0.497,"30":0.496,"31":0.497,"32":0.498,"33":0.499,"34":0.498,"35":0.499,"36":0.498,"37":0.497,"38":0.498,"39":0.499,"40":0.5,"41":0.501,"42":0.502,"43":0.503,"44":0.502,"45":0.503,"46":0.504,"47":0.505,"48":0.506,"49":0.505},"lambda_t":{"0":-100.0,"1":-110.2584351638,"2":-120.5168703276,"3":-110.2584351638,"4":-100.0,"5":-110.2584351638,"6":-120.5168703276,"7":-110.2584351638,"8":-100.0,"9":-110.2584351638,"10":-120.5168703276,"11":-130.7753054914,"12":-141.0337406552,"13":-151.292175819,"14":-161.5506109829,"15":-171.8090461467,"16":-182.0674813105,"17":-192.3259164743,"18":-182.0674813105,"19":-171.8090461467,"20":-161.5506109829,"21":-151.292175819,"22":-161.5506109829,"23":-151.292175819,"24":-141.0337406552,"25":-151.292175819,"26":-141.0337406552,"27":-130.7753054914,"28":-141.0337406552,"29":-130.7753054914,"30":-141.0337406552,"31":-130.7753054914,"32":-120.5168703276,"33":-110.2584351638,"34":-120.5168703276,"35":-110.2584351638,"36":-120.5168703276,"37":-130.7753054914,"38":-120.5168703276,"39":-110.2584351638,"40":-100.0,"41":-110.2584351638,"42":-120.5168703276,"43":-130.7753054914,"44":-120.5168703276,"45":-130.7753054914,"46":-141.0337406552,"47":-151.292175819,"48":-161.5506109829,"49":-151.292175819}}